project_key,repo_slug,pr_id,event_type,action,actor,created_on,is_inline,comment_id,text
KIOSK,kiosk,10588,OTHER,OPENED,lakamine,2026-03-06T19:41:49.058000+00:00,0,,
KIOSK,kiosk,10588,COMMENT,COMMENTED,lakamine,2026-03-06T19:48:33.107000+00:00,1,244184,
KIOSK,kiosk,10588,APPROVAL,APPROVED,redias,2026-03-09T14:43:42.506000+00:00,0,,
KIOSK,kiosk,10588,OTHER,UPDATED,icarba,2026-03-09T16:55:49.095000+00:00,0,,
KIOSK,kiosk,10588,APPROVAL,APPROVED,icarba,2026-03-09T16:55:50.768000+00:00,0,,
KIOSK,kiosk,10588,OTHER,MERGED,lakamine,2026-03-10T16:54:30.371000+00:00,0,,
KIOSK,kiosk,10564,OTHER,OPENED,lakamine,2026-02-27T18:50:07.661000+00:00,0,,
KIOSK,kiosk,10564,OTHER,UPDATED,icarba,2026-02-27T18:56:11.027000+00:00,0,,
KIOSK,kiosk,10564,APPROVAL,APPROVED,icarba,2026-02-27T18:56:12.628000+00:00,0,,
KIOSK,kiosk,10564,APPROVAL,APPROVED,esouza,2026-02-27T18:56:53.642000+00:00,0,,
KIOSK,kiosk,10564,OTHER,RESCOPED,lakamine,2026-02-27T19:05:45.166000+00:00,0,,
KIOSK,kiosk,10564,UNAPPROVAL,UNAPPROVED,icarba,2026-02-27T19:05:45.419000+00:00,0,,
KIOSK,kiosk,10564,UNAPPROVAL,UNAPPROVED,esouza,2026-02-27T19:05:45.430000+00:00,0,,
KIOSK,kiosk,10564,APPROVAL,APPROVED,esouza,2026-02-27T19:07:54.061000+00:00,0,,
KIOSK,kiosk,10564,APPROVAL,APPROVED,icarba,2026-02-27T19:08:54.950000+00:00,0,,
KIOSK,kiosk,10564,OTHER,MERGED,lakamine,2026-02-27T19:43:25.420000+00:00,0,,
KIOSK,kiosk,10563,OTHER,OPENED,lakamine,2026-02-27T18:50:05.550000+00:00,0,,
KIOSK,kiosk,10563,OTHER,UPDATED,icarba,2026-02-27T18:55:58.240000+00:00,0,,
KIOSK,kiosk,10563,APPROVAL,APPROVED,icarba,2026-02-27T18:55:59.875000+00:00,0,,
KIOSK,kiosk,10563,APPROVAL,APPROVED,esouza,2026-02-27T18:56:50.604000+00:00,0,,
KIOSK,kiosk,10563,OTHER,RESCOPED,lakamine,2026-02-27T19:04:19.861000+00:00,0,,
KIOSK,kiosk,10563,UNAPPROVAL,UNAPPROVED,icarba,2026-02-27T19:04:20.071000+00:00,0,,
KIOSK,kiosk,10563,UNAPPROVAL,UNAPPROVED,esouza,2026-02-27T19:04:20.089000+00:00,0,,
KIOSK,kiosk,10563,APPROVAL,APPROVED,esouza,2026-02-27T19:07:52.726000+00:00,0,,
KIOSK,kiosk,10563,APPROVAL,APPROVED,icarba,2026-02-27T19:08:48.210000+00:00,0,,
KIOSK,kiosk,10563,UNAPPROVAL,UNAPPROVED,icarba,2026-02-27T19:08:48.433000+00:00,0,,
KIOSK,kiosk,10563,APPROVAL,APPROVED,icarba,2026-02-27T19:09:19.811000+00:00,0,,
KIOSK,kiosk,10563,OTHER,MERGED,lakamine,2026-02-27T19:43:24.928000+00:00,0,,
KIOSK,kiosk,10566,OTHER,OPENED,lakamine,2026-02-27T18:51:25.030000+00:00,0,,
KIOSK,kiosk,10566,OTHER,UPDATED,icarba,2026-02-27T18:55:46.189000+00:00,0,,
KIOSK,kiosk,10566,APPROVAL,APPROVED,icarba,2026-02-27T18:55:47.884000+00:00,0,,
KIOSK,kiosk,10566,APPROVAL,APPROVED,esouza,2026-02-27T18:56:46.142000+00:00,0,,
KIOSK,kiosk,10566,OTHER,RESCOPED,lakamine,2026-02-27T19:03:10.492000+00:00,0,,
KIOSK,kiosk,10566,UNAPPROVAL,UNAPPROVED,icarba,2026-02-27T19:03:10.870000+00:00,0,,
KIOSK,kiosk,10566,UNAPPROVAL,UNAPPROVED,esouza,2026-02-27T19:03:10.907000+00:00,0,,
KIOSK,kiosk,10566,APPROVAL,APPROVED,esouza,2026-02-27T19:07:51.152000+00:00,0,,
KIOSK,kiosk,10566,APPROVAL,APPROVED,icarba,2026-02-27T19:08:41.553000+00:00,0,,
KIOSK,kiosk,10566,OTHER,MERGED,lakamine,2026-02-27T19:43:24.429000+00:00,0,,
KIOSK,kiosk,10565,OTHER,OPENED,lakamine,2026-02-27T18:50:11.675000+00:00,0,,
KIOSK,kiosk,10565,OTHER,UPDATED,icarba,2026-02-27T18:56:19.617000+00:00,0,,
KIOSK,kiosk,10565,APPROVAL,APPROVED,icarba,2026-02-27T18:56:21.151000+00:00,0,,
KIOSK,kiosk,10565,APPROVAL,APPROVED,esouza,2026-02-27T18:56:57.642000+00:00,0,,
KIOSK,kiosk,10565,OTHER,MERGED,lakamine,2026-02-27T19:16:34.063000+00:00,0,,
KIOSK,kiosk,10518,OTHER,OPENED,lakamine,2026-02-12T16:48:39.479000+00:00,0,,
KIOSK,kiosk,10518,APPROVAL,APPROVED,esouza,2026-02-12T18:56:40.539000+00:00,0,,
KIOSK,kiosk,10518,OTHER,UPDATED,jasanch,2026-02-12T21:25:43.791000+00:00,0,,
KIOSK,kiosk,10518,APPROVAL,APPROVED,jasanch,2026-02-12T21:25:53.289000+00:00,0,,
KIOSK,kiosk,10518,OTHER,MERGED,lakamine,2026-02-18T12:52:36.979000+00:00,0,,
KIOSK,kiosk,10503,OTHER,OPENED,lakamine,2026-02-09T19:39:02.671000+00:00,0,,
KIOSK,kiosk,10503,APPROVAL,APPROVED,mvarela,2026-02-09T20:19:05.796000+00:00,0,,
KIOSK,kiosk,10503,APPROVAL,APPROVED,esouza,2026-02-09T20:20:09.293000+00:00,0,,
KIOSK,kiosk,10503,OTHER,MERGED,lakamine,2026-02-09T20:46:48.084000+00:00,0,,
KIOSK,kiosk,10502,OTHER,OPENED,lakamine,2026-02-09T19:38:38.127000+00:00,0,,
KIOSK,kiosk,10502,APPROVAL,APPROVED,mvarela,2026-02-09T20:19:03.794000+00:00,0,,
KIOSK,kiosk,10502,APPROVAL,APPROVED,esouza,2026-02-09T20:20:05.539000+00:00,0,,
KIOSK,kiosk,10502,OTHER,MERGED,lakamine,2026-02-09T20:46:47.530000+00:00,0,,
KIOSK,kiosk,10501,OTHER,OPENED,lakamine,2026-02-09T19:38:23.656000+00:00,0,,
KIOSK,kiosk,10501,APPROVAL,APPROVED,mvarela,2026-02-09T20:19:00.878000+00:00,0,,
KIOSK,kiosk,10501,APPROVAL,APPROVED,esouza,2026-02-09T20:19:52.124000+00:00,0,,
KIOSK,kiosk,10501,OTHER,MERGED,lakamine,2026-02-09T20:46:47.055000+00:00,0,,
KIOSK,kiosk,10498,OTHER,OPENED,lakamine,2026-02-09T19:10:36.652000+00:00,0,,
KIOSK,kiosk,10498,OTHER,RESCOPED,lakamine,2026-02-09T19:12:59.623000+00:00,0,,
KIOSK,kiosk,10498,OTHER,RESCOPED,lakamine,2026-02-09T19:14:35.114000+00:00,0,,
KIOSK,kiosk,10498,OTHER,RESCOPED,lakamine,2026-02-09T19:15:32.421000+00:00,0,,
KIOSK,kiosk,10498,OTHER,RESCOPED,lakamine,2026-02-09T19:17:19.263000+00:00,0,,
KIOSK,kiosk,10498,COMMENT,COMMENTED,lakamine,2026-02-09T19:37:39.315000+00:00,1,241646,
KIOSK,kiosk,10498,COMMENT,COMMENTED,lakamine,2026-02-09T19:38:03.452000+00:00,1,241647,
KIOSK,kiosk,10498,APPROVAL,APPROVED,mvarela,2026-02-09T20:18:56.151000+00:00,0,,
KIOSK,kiosk,10498,APPROVAL,APPROVED,esouza,2026-02-09T20:19:45.998000+00:00,0,,
KIOSK,kiosk,10498,OTHER,MERGED,lakamine,2026-02-09T20:46:46.594000+00:00,0,,
KIOSK,kiosk,10487,OTHER,OPENED,lakamine,2026-02-05T13:15:39.865000+00:00,0,,
KIOSK,kiosk,10487,APPROVAL,APPROVED,redias,2026-02-05T13:19:11.168000+00:00,0,,
KIOSK,kiosk,10487,APPROVAL,APPROVED,esouza,2026-02-05T13:22:36.453000+00:00,0,,
KIOSK,kiosk,10487,OTHER,MERGED,lakamine,2026-02-05T13:51:45.217000+00:00,0,,
KIOSK,kiosk,10488,OTHER,OPENED,lakamine,2026-02-05T13:15:53.750000+00:00,0,,
KIOSK,kiosk,10488,APPROVAL,APPROVED,redias,2026-02-05T13:19:16.415000+00:00,0,,
KIOSK,kiosk,10488,APPROVAL,APPROVED,esouza,2026-02-05T13:22:39.799000+00:00,0,,
KIOSK,kiosk,10488,OTHER,MERGED,lakamine,2026-02-05T13:30:52.889000+00:00,0,,
KIOSK,kiosk,10486,OTHER,OPENED,lakamine,2026-02-05T13:06:20.229000+00:00,0,,
KIOSK,kiosk,10486,APPROVAL,APPROVED,redias,2026-02-05T13:19:04.631000+00:00,0,,
KIOSK,kiosk,10486,APPROVAL,APPROVED,esouza,2026-02-05T13:22:33.917000+00:00,0,,
KIOSK,kiosk,10486,OTHER,MERGED,lakamine,2026-02-05T13:23:17.644000+00:00,0,,
KIOSK,kiosk,10482,OTHER,OPENED,lakamine,2026-02-03T18:06:48.859000+00:00,0,,
KIOSK,kiosk,10482,APPROVAL,APPROVED,esouza,2026-02-03T19:24:05.295000+00:00,0,,
KIOSK,kiosk,10482,APPROVAL,APPROVED,mvarela,2026-02-03T19:25:36.536000+00:00,0,,
KIOSK,kiosk,10482,OTHER,MERGED,lakamine,2026-02-03T19:26:04.061000+00:00,0,,
KIOSK,kiosk,10467,OTHER,OPENED,lakamine,2026-01-29T18:57:08.322000+00:00,0,,
KIOSK,kiosk,10467,OTHER,UPDATED,dtoniolo,2026-01-29T19:49:04.912000+00:00,0,,
KIOSK,kiosk,10467,APPROVAL,APPROVED,dtoniolo,2026-01-29T19:49:06.219000+00:00,0,,
KIOSK,kiosk,10467,APPROVAL,APPROVED,esouza,2026-01-29T19:49:30.103000+00:00,0,,
KIOSK,kiosk,10467,OTHER,MERGED,lakamine,2026-01-29T19:53:51.438000+00:00,0,,
KIOSK,kiosk,10468,OTHER,OPENED,lakamine,2026-01-29T19:36:14.528000+00:00,0,,
KIOSK,kiosk,10468,OTHER,UPDATED,dtoniolo,2026-01-29T19:48:55.750000+00:00,0,,
KIOSK,kiosk,10468,APPROVAL,APPROVED,dtoniolo,2026-01-29T19:48:57.100000+00:00,0,,
KIOSK,kiosk,10468,APPROVAL,APPROVED,esouza,2026-01-29T19:49:26.555000+00:00,0,,
KIOSK,kiosk,10468,OTHER,MERGED,lakamine,2026-01-29T19:53:50.455000+00:00,0,,
KIOSK,kiosk,10463,OTHER,OPENED,lakamine,2026-01-28T20:38:57.774000+00:00,0,,
KIOSK,kiosk,10463,APPROVAL,APPROVED,redias,2026-01-29T13:07:04.277000+00:00,0,,
KIOSK,kiosk,10463,OTHER,UPDATED,sudhak,2026-01-29T13:37:00.849000+00:00,0,,
KIOSK,kiosk,10463,APPROVAL,APPROVED,sudhak,2026-01-29T13:37:03.211000+00:00,0,,
KIOSK,kiosk,10463,OTHER,MERGED,lakamine,2026-01-29T18:14:50.752000+00:00,0,,
